{
  "total_positions": 100,
  "recent_trajectory": [
    [
      334,
      82,
      7456
    ],
    [
      338,
      82,
      7457
    ],
    [
      342,
      82,
      7458
    ],
    [
      357,
      86,
      7461
    ],
    [
      362,
      88,
      7462
    ],
    [
      374,
      95,
      7464
    ],
    [
      386,
      97,
      7467
    ],
    [
      385,
      94,
      7468
    ],
    [
      395,
      90,
      7474
    ],
    [
      425,
      103,
      7481
    ],
    [
      436,
      111,
      7483
    ],
    [
      508,
      198,
      7492
    ],
    [
      509,
      205,
      7493
    ],
    [
      510,
      201,
      7494
    ],
    [
      512,
      199,
      7495
    ],
    [
      513,
      197,
      7496
    ],
    [
      514,
      195,
      7497
    ],
    [
      515,
      194,
      7498
    ],
    [
      516,
      194,
      7499
    ],
    [
      517,
      194,
      7500
    ]
  ],
  "trajectory_smoothness": "Good",
  "movement_detected": true,
  "average_movement": 19.182049055561055,
  "max_movement": 180.0999722376436,
  "total_distance": 1899.0228565005443
}