{
  "total_positions": 82,
  "recent_trajectory": [
    [
      272,
      119,
      204
    ],
    [
      275,
      119,
      205
    ],
    [
      279,
      120,
      206
    ],
    [
      283,
      122,
      207
    ],
    [
      290,
      127,
      209
    ],
    [
      293,
      130,
      210
    ],
    [
      297,
      135,
      211
    ],
    [
      345,
      95,
      219
    ],
    [
      349,
      88,
      220
    ],
    [
      358,
      82,
      223
    ],
    [
      361,
      80,
      224
    ],
    [
      365,
      79,
      225
    ],
    [
      389,
      78,
      231
    ],
    [
      413,
      86,
      235
    ],
    [
      419,
      90,
      236
    ],
    [
      426,
      95,
      237
    ],
    [
      482,
      144,
      243
    ],
    [
      340,
      88,
      251
    ],
    [
      337,
      87,
      252
    ],
    [
      332,
      86,
      253
    ]
  ],
  "trajectory_smoothness": "Good",
  "movement_detected": true,
  "average_movement": 15.379409006711843,
  "max_movement": 163.04907236779974,
  "total_distance": 1245.7321295436593
}