{
  "frame_count": 21,
  "timestamp": 1755811192.3664367,
  "ball_positions": [
    [
      206,
      81,
      13
    ],
    [
      195,
      86,
      14
    ],
    [
      182,
      93,
      15
    ],
    [
      156,
      109,
      17
    ],
    [
      141,
      119,
      18
    ],
    [
      131,
      129,
      19
    ],
    [
      132,
      137,
      20
    ]
  ],
  "active_shots": 0,
  "completed_shots": 0,
  "players": {
    "player_1": [
      172.067138671875,
      242.32781982421875
    ],
    "player_2": [
      340.7818908691406,
      205.95608520507812
    ]
  }
}