{
  "frame_count": 259,
  "timestamp": 1757462223.4991567,
  "ball_positions": [
    [
      272,
      119,
      204
    ],
    [
      275,
      119,
      205
    ],
    [
      279,
      120,
      206
    ],
    [
      283,
      122,
      207
    ],
    [
      290,
      127,
      209
    ],
    [
      293,
      130,
      210
    ],
    [
      297,
      135,
      211
    ],
    [
      345,
      95,
      219
    ],
    [
      349,
      88,
      220
    ],
    [
      358,
      82,
      223
    ],
    [
      361,
      80,
      224
    ],
    [
      365,
      79,
      225
    ],
    [
      389,
      78,
      231
    ],
    [
      413,
      86,
      235
    ],
    [
      419,
      90,
      236
    ],
    [
      426,
      95,
      237
    ],
    [
      482,
      144,
      243
    ],
    [
      340,
      88,
      251
    ],
    [
      337,
      87,
      252
    ],
    [
      332,
      86,
      253
    ]
  ],
  "active_shots": 0,
  "completed_shots": 0,
  "players": {
    "player_1": [
      445.4432373046875,
      225.3142547607422
    ],
    "player_2": [
      316.66412353515625,
      219.79376220703125
    ]
  }
}