{
  "player_1": {
    "position": [
      327.7921142578125,
      196.8192596435547
    ],
    "court_zone": "back_right",
    "timestamp": 1756501475.7461271
  },
  "player_2": {
    "position": [
      301.944091796875,
      201.86944580078125
    ],
    "court_zone": "back_left",
    "timestamp": 1756501475.746138
  }
}