{
  "player_1": {
    "position": [
      445.4432373046875,
      225.3142547607422
    ],
    "court_zone": "back_right",
    "timestamp": 1757462223.4988453
  },
  "player_2": {
    "position": [
      316.66412353515625,
      219.79376220703125
    ],
    "court_zone": "back_left",
    "timestamp": 1757462223.4988587
  }
}